{"timestamps": [1534232720.192041], "initial_reset_timestamp": 1534232716.142001, "episode_types": ["t"], "episode_lengths": [200], "episode_rewards": [200.0]}